{"cameraMode":{"drawMode":0,"name":"Shaded","section":"Shading Mode"},"sceneLighting":true,"audioPlay":false,"sceneViewState":{"m_AlwaysRefresh":false,"showFog":true,"showSkybox":true,"showFlares":true,"showImageEffects":true,"showParticleSystems":true,"showVisualEffectGraphs":true,"m_FxEnabled":true},"in2DMode":false,"pivot":{"x":2.4081132411956789,"y":3.5611047744750978,"z":9.360360145568848},"rotation":{"x":-0.09317457675933838,"y":0.3760475814342499,"z":-0.038036998361349109,"w":-0.9211241006851196},"size":11.175971984863282,"orthographic":false}